{"1": {"dominating_volume": 0.28161850571632385, "accuracy": [0.5, 0.5], "perplexity": [0.5632370114326477, 0.11088646203279495], "pareto_size": 1}}